"year","flow","signal","avgLLE","sawp_avg","flow_mean","flow_var"
1569,6374653,0.344871450926935,NA,NA,NA,NA
1570,8974935,0.730177241988503,NA,NA,NA,NA
1571,6947425,0.73478255532163,NA,NA,NA,NA
1572,8805974,0.127687096571747,NA,NA,NA,NA
1573,5414633,-0.770497883178072,NA,NA,NA,NA
1574,3738194,-1.27784636452255,NA,NA,NA,NA
1575,7686349,-0.949748753739978,NA,NA,NA,NA
1576,5137781,-0.0370209083077921,NA,NA,NA,NA
1577,8168256,0.628104955364613,NA,NA,NA,NA
1578,7756051,0.39132535589964,NA,NA,NA,NA
1579,5673707,-0.463786216284262,NA,NA,NA,NA
1580,3028517,-1.02383064823469,NA,NA,NA,NA
1581,5738981,-0.958988228619237,NA,NA,NA,NA
1582,6767262,-0.8928250422551,NA,NA,NA,NA
1583,6063672,-1.26724580807036,NA,NA,NA,NA
1584,1795865,-1.52673173443243,NA,NA,NA,NA
1585,5665219,-0.974217303792663,NA,NA,NA,NA
1586,7753628,0.10500182695539,NA,NA,NA,NA
1587,5998962,0.744080037968116,-0.0723950361203332,2.16005655114202,6.54098297297297,4.65746497657592
1588,7928923,0.4010033822459,-0.0870253450576298,2.18030812901154,6.56696413513513,4.67355777337206
1589,7445606,-0.610516461048411,-0.101805430793618,2.19733280321476,6.42992718918919,4.69009115908982
1590,2937872,-1.54558732753006,-0.111476615913331,2.21082143515882,6.47564218918919,4.81604514994732
1591,5493788,-1.79187202580309,-0.11788776923076,2.22050095774887,6.41695135135135,4.66235934681907
1592,4752296,-1.15197841810496,-0.124617199674473,2.22616416413087,6.51993613513514,4.84259465895423
1593,6959893,0.111417649795197,-0.130815804251217,2.22770761132011,6.62636402702703,4.65313241758958
1594,8019235,1.33218136457438,-0.134687460634782,2.22519385681851,6.59955551351351,4.62131224013431
1595,8627026,1.70400690176739,-0.13450555914157,2.21894431417533,6.70653764864865,4.72332829427373
1596,8719575,0.881045150400966,-0.135183593748199,2.20966697879009,6.70829724324324,4.72872980675008
1597,5843421,-0.573042419937107,-0.136798877248465,2.1985885184771,6.72181321621622,4.76459859118845
1598,1765178,-1.60070178702373,-0.137064989955027,2.18724699222425,6.78501213513514,4.77622210124551
1599,9264474,-1.59659745042757,-0.137055934463019,2.17679545447155,6.93747213513513,4.45900400004551
1600,2867762,-0.766141595730159,-0.129974634335836,2.16773595207848,6.99346878378378,4.43707072251112
1601,8762419,0.35020440670753,-0.126366392892669,2.16009990563974,7.00828572972973,4.43830417975548
1602,8552023,1.35649870918711,-0.123485106393599,2.15364810462281,7.03200872972973,4.41306397529048
1603,8846793,1.977390700319,-0.114013242880886,2.14801931533301,7.28017783783784,4.02072664899342
1604,8899056,1.92221154549079,-0.104401506880049,2.14283549893862,7.27760037837838,4.02952868235496
1605,8840966,1.1106055420871,-0.097333107232758,2.13777363132236,7.23283097297297,4.05988085188069
1606,7335956,0.0198964216350707,-0.0993671287917414,2.13261190827646,7.18842291891892,4.2454791723338
1607,3904568,-0.5333931889173,-0.0970086035141696,2.12724127958441,7.083256,4.49462348858611
1608,8638880,-0.198579797861479,-0.0956519393335534,2.12160789303886,7.00221678378378,4.67725512305273
1609,6634413,0.523065601438648,-0.094500391305671,2.11555312207998,7.13068616216216,4.21462153942147
1610,9225070,0.933061463045409,-0.100545351745057,2.10858233716354,7.16303040540541,4.1444992811648
1611,7676026,0.936478226136955,-0.111128878470825,2.09980196254072,7.20549137837838,4.00079680574102
1612,6694434,0.891492482309475,-0.121446344098865,2.08835832562149,7.20426754054054,4.00147006721987
1613,9096120,0.940314985419392,-0.133424300677856,2.0738915691516,7.10350002702703,4.20836462718453
1614,8233361,0.925079362728281,-0.138191701428389,2.05655454833838,6.99887681081081,4.28571955162666
1615,8256142,0.795632097368408,-0.143186255291715,2.03689219767573,7.02100432432432,4.38210055523856
1616,8012067,0.666541931398705,-0.146124430894666,2.0157219357862,7.00955859459459,4.41465312561242
1617,8669537,0.578481805242881,-0.145889046350044,1.99400376159929,7.10777886486486,3.71277444649034
1618,7810857,0.557788751394433,-0.150800629402861,1.97269627579795,7.04030827027027,3.5820977587227
1619,7315489,0.741601549567043,-0.156633823414909,1.9526015886523,7.12073364864865,3.13162221232257
1620,6941423,1.08163846269205,-0.163356199849261,1.93419549701854,7.04848227027027,3.08095416708993
1621,10978122,1.12134822631998,-0.172844037121059,1.91753899992736,7.01537781081081,3.01918963771905
1622,5569853,0.464688175022491,-0.181772907057155,1.9025253420445,6.97795891891892,2.93012980623463
1623,6097160,-0.637609703769933,-0.190016389175275,1.88922264775419,6.90806251351351,2.83487814581892
1624,4355864,-1.4556581561344,-0.195457973190279,1.87786281092635,6.86360372972973,2.73136851630237
1625,4037747,-1.46261472102503,-0.199811339537644,1.86867954158313,6.82210064864865,2.7548039642559
1626,4447155,-0.724343699233114,-0.197791836497628,1.86179907792724,6.92303564864865,2.5264329304709
1627,7691239,0.214782967255242,-0.200639473255873,1.85720461164215,6.78995354054054,2.71235191079648
1628,6690525,0.699723331406668,-0.19820782354318,1.85477395383984,6.71059054054054,2.9707699989717
1629,6323352,0.428032251434861,-0.193947308459153,1.85440775284378,6.66454921621622,2.81123113687362
1630,6914611,-0.25255175913484,-0.191102965377033,1.85625431560241,6.64092248648649,2.78276192643492
1631,4290837,-0.652888819528293,-0.180618110807194,1.86084123393266,6.70931054054054,2.96333059091009
1632,4755967,-0.506225068121447,-0.170116808711098,1.86865467107316,6.67439321621622,2.83712965826701
1633,9538293,-0.237117306411242,-0.159875714283934,1.87943642022498,6.66259791891892,2.8044788730183
1634,5419929,-0.324647849892452,-0.160120193002571,1.89192318804708,6.60885702702703,2.73530330737136
1635,5399328,-0.678018915131963,-0.161385171521288,1.90419303187636,6.50126732432432,2.85326927779461
1636,6768062,-0.8561913999478,-0.160194276737882,1.91451204786256,6.35369351351351,3.00132007995615
1637,5843501,-0.642623018394458,-0.159575280923211,1.92173552199654,6.41323864864865,3.31086251747196
1638,6089118,-0.190177887197666,-0.158020260423012,1.92525633794056,6.34722335135135,3.34967556970251
1639,7327158,0.214947531322482,-0.159520772087341,1.92490805585572,6.33116105405405,3.33960281650944
1640,7462294,0.395727859490935,-0.157220787848654,1.920862339262,6.16471797297297,2.77474619906136
1641,6312889,0.367839503520553,-0.148752409586482,1.91350176310514,6.20475435135135,2.7850983253459
1642,7195991,0.174986991812636,-0.138331681509507,1.90328125509725,6.24504491891892,2.83625061885608
1643,5800342,-0.300629580538159,-0.131109421059935,1.89062007056379,6.32226589189189,2.75701106390927
1644,7639163,-1.09340169295131,-0.122713022878975,1.87590524410867,6.42795959459459,2.67401101465441
1645,3714842,-1.75030310333557,-0.112961842316875,1.85976499429329,6.47617572972973,2.56370904095693
1646,3697982,-1.61364182786468,-0.108892285836092,1.84354622658551,6.42144221621622,2.53784800011617
1647,7521541,-0.602713059785615,-0.103297215017079,1.82867080256942,6.40462337837838,2.53901156749613
1648,6801837,0.65226474122378,-0.103543157388253,1.81583327136846,6.36864240540541,2.59292379627725
1649,9224792,1.45196850961231,-0.102358996552628,1.80534956357738,6.31104794594595,2.65102083778872
1650,7804179,1.44504636392177,-0.0965462648288579,1.79740783739399,6.341169,2.55950774916611
1651,7796935,0.609475123025283,-0.0963896726155992,1.79211739116293,6.46984864864865,2.75287159747435
1652,6267729,-0.618186465802318,-0.102362746174108,1.78948999485262,6.33711627027027,2.56754270896181
1653,4031248,-1.37180583183487,-0.107634064180754,1.7894061518765,6.31863056756757,2.61503803210475
1654,3209306,-1.15612362162491,-0.113629736033883,1.79159594737095,6.41692905405405,2.78680151439194
1655,10014027,-0.509777333983016,-0.119154478948605,1.79565271358245,6.44839937837838,2.84616006211613
1656,4872923,-0.300734056651578,-0.124114729562232,1.80108216702087,6.50501908108108,2.8943732551173
1657,6347118,-0.545289011920528,-0.129055743974844,1.80738077731418,6.47597848648649,2.95040446228059
1658,4819728,-0.534496521953437,-0.130465765415819,1.81413801224551,6.51685435135135,3.08374373168296
1659,7051199,0.0271266745378739,-0.12825034267076,1.82115013277217,6.468494,3.07629281742333
1660,7587911,0.644935428674241,-0.131493131997469,1.82850387259033,6.5870452972973,3.55838679851949
1661,7213040,0.788622778633917,-0.137411878574339,1.83657367113908,6.55673459459459,3.55443956536897
1662,7948414,0.497306796553872,-0.139848708514663,1.84592424682383,6.67290756756757,3.87317092080681
1663,6231152,0.088569006741461,-0.142659871982083,1.85716794531591,6.67450524324324,3.87643865600852
1664,5666099,-0.344873466306788,-0.14081610603907,1.87081664870721,6.7481267027027,3.6290883522576
1665,6068228,-0.817542019053496,-0.138617996514784,1.88712705243821,6.90325732432432,3.54688325692145
1666,4992056,-1.04649453343408,-0.134844781730095,1.90591782666009,6.82304962162162,3.68297716478074
1667,4783616,-0.691683475813709,-0.131562008082836,1.9263516138873,6.66056291891892,4.66693354637247
1668,5405316,-0.0178470667166444,-0.125800807873561,1.94686019002557,6.54162902702703,4.56341808564692
1669,9517114,0.298516558419523,-0.119972404625435,1.96563955106633,6.52012948648649,4.52472410242415
1670,4627195,0.17101386045396,-0.112968267309564,1.98138729979975,6.55216183783784,4.6467590860487
1671,4735958,0.215705405928098,-0.103083908401453,1.99353700267141,6.58313791891892,4.66415052933147
1672,9036372,0.640260575602188,-0.0874699692889273,2.00214713672493,6.67390081081081,4.49285149977305
1673,7932464,0.810713564921767,-0.0704071030638194,2.00771578148918,6.80080710810811,4.18495980298527
1674,7938430,0.292140745526498,-0.0525479571980503,2.01098177262615,6.74169143243243,3.92380613779175
1675,5014616,-0.387881586132525,-0.0355743666986483,2.01273331120053,6.82540913513513,3.86153671518018
1676,8839565,-0.449964595526529,-0.0152748982212944,2.01365261400237,6.81399094594595,3.87758643019561
1677,5672961,0.161028204313227,0.00504339964929268,2.01422294183426,6.84450737837838,3.78694620894369
1678,10699287,0.873323561378171,0.0211174331853068,2.01470765467074,6.84877481081081,3.7894331026096
1679,6074495,1.25639220648837,0.0336424322064579,2.01518898019955,6.81957343243243,3.7766170702607
1680,10098742,1.38590736156182,0.0457349091074818,2.01563782704372,6.86962589189189,3.90979332034049
1681,7698277,1.45772941803038,0.057698456513523,2.01597529182339,6.87457708108108,3.92167965453041
1682,6438836,1.21938262027848,0.0638830246538078,2.01607098289135,6.85878094594595,3.95180372142827
1683,9437815,0.169120877151006,0.0681537288419389,2.01573625998049,6.94547583783784,4.01735260215414
1684,4553856,-1.45181313111473,0.0672135744164542,2.01503833519637,6.9740284054054,3.99602992539558
1685,789829,-2.37710690892613,0.0638409871039633,2.01428760060315,6.99447651351351,3.9281938504457
1686,4824238,-1.6504395810492,0.0619226828135075,2.01378926931368,6.99349386486487,3.9326952701714
1687,7008696,0.091706880620724,0.0606500027659338,2.0137417487112,7.08264805405405,3.935736958503
1688,8982132,1.35337105172678,0.0551243144999119,2.01419407447315,6.94851272972973,3.93021420479459
1689,7413844,1.5260510266758,0.0508757902586,2.01505429538475,6.95684183783784,3.89303789245542
1690,7389475,1.20178118688985,0.0437921982022237,2.01614858578956,6.94860881081081,3.93313085786166
1691,7904839,0.958277056196746,0.0364632702872723,2.01730515282448,6.91890078378378,3.83829344125306
1692,7826747,0.638275667257539,0.027554182461305,2.01842172036847,6.9026382972973,3.8141969328576
1693,7970478,-0.0486129075097038,0.0187676175167578,2.01948810714746,6.86112305405405,3.78957576200922
1694,5924645,-0.812846834329969,0.0109340012177986,2.0205690770723,6.92077562162162,3.69482047204091
1695,5948836,-1.03612289220708,0.00622243115702141,2.02177652427977,6.8426507027027,3.61251148194355
1696,7209094,-0.541132312304036,-0.00452737413426001,2.02324301051722,6.76929562162162,3.98797947668291
1697,6507460,0.192963207838233,-0.0165512737554483,2.02507152479356,6.69523216216216,3.59263112892147
1698,9064981,0.624597826594982,-0.022031618099706,2.02725633289832,6.72442032432432,3.58691031562184
1699,8131608,0.713789603276705,-0.0274651182464417,2.02962994561102,6.59364875675676,3.31260941148847
1700,5646695,0.695605180496112,-0.0316073824035864,2.03187765774807,6.61219113513514,3.36743352669251
1701,8873810,0.557830761997264,-0.0382480587181115,2.03360878000526,6.68178786486486,3.52185042788662
1702,7124673,0.168529103557264,-0.0413755403693347,2.03445856185912,6.73037759459459,3.88447494379425
1703,5748636,-0.277991565525809,-0.0460439691983672,2.03419317044925,6.75651837837838,3.79280569652663
1704,4747258,-0.493324399553549,-0.0461095220541242,2.03278654698602,6.8287704054054,3.09979774209791
1705,8704021,-0.616374202828477,-0.0441155132962307,2.03044052119688,6.86835824324324,2.99466520308102
1706,4554107,-0.914300984807392,-0.0432666274423,2.0275304744843,6.87923875675676,3.00218419342952
1707,4935372,-1.12868852586878,-0.0446469222171003,2.0244794539008,6.85914137837838,2.93025545737519
1708,4431336,-0.749584568155044,-0.0405865746314479,2.02159794574482,6.95554564864865,3.38404771566179
1709,7937175,0.133726516477913,-0.0391126613051344,2.018966920669,6.96439562162162,3.3948395044713
1710,7330752,0.771478155155219,-0.0350618426620218,2.0164597744147,6.90490851351351,3.41077546950915
1711,6402366,0.563553745795897,-0.0309335129944664,2.01397750295909,6.7963242972973,3.6412699843311
1712,7221761,-0.316823861769788,-0.0256566424397754,2.01188766468244,6.74411581081081,3.61611467383682
1713,5948943,-1.11194345849553,-0.0162706636770799,2.01125099110565,6.76391872972973,3.5972670521272
1714,2958823,-1.24850788225291,-0.00811607540331879,2.013151766254,6.76801167567567,3.59102936635123
1715,7958939,-0.860563597473935,-0.00523747214331752,2.01801562976869,6.77305762162162,3.59654644834552
1716,7154457,-0.36872135486545,-0.000685982844581323,2.02566977728384,6.83678027027027,3.71199833601359
1717,5260194,0.242999692876246,0.00882270915133756,2.03556166705764,6.66042872972973,4.05496974145187
1718,8384345,1.13340823906831,0.0143829890674664,2.04686389390983,6.5503727027027,4.17030650733883
1719,9013915,1.74141024770635,0.0236041737848249,2.05840605629437,6.56427443243243,4.15163376343436
1720,11235635,1.15731108417908,0.0286788842059802,2.06846105346533,6.53281672972973,4.03890685791648
1721,5521065,-0.464165692996851,0.0358603446840664,2.07532759644419,6.53475294594595,4.04140115640189
1722,3463154,-1.70074348631372,0.0399267537341203,2.07831168898809,6.50208337837838,4.13368226500319
1723,6288988,-1.39802040214693,0.0477168543763067,2.07764100959483,6.59799643243243,4.1280849656662
1724,7411275,0.118386070995924,0.0514637073073026,2.07410688808464,6.55985405405405,4.01679380152539
1725,8238529,1.51624601544297,0.0544724796037736,2.06865338171203,6.65562608108108,3.96130736783302
1726,10980802,1.73689349925458,0.0570576893803265,2.06203430420682,6.65679810810811,3.95721381399471
1727,7716924,0.762895024174162,0.0605922367192587,2.05467328157698,6.74340310810811,3.83854972151471
1728,5703816,-0.556839021534982,0.0642186282015272,2.04666798104259,6.76791097297297,3.92091221100453
1729,3809131,-1.31368218503499,0.0660709631061409,2.03785673589969,6.83646056756757,4.17408546902642
1730,6038764,-1.18817948205201,0.0689646707864296,2.02792363717323,6.74916843243243,4.53391364500292
1731,6657353,-0.421465487238041,0.0707733990357427,2.01653598286081,6.78243575675676,4.60717931389036
1732,6100275,0.455840505950591,0.0678266702113298,2.00351144767049,6.76250378378378,4.65602806837723
1733,7395794,0.756594190333278,0.0588023495158593,1.98898821166911,6.892211,4.26437581032233
1734,8865198,0.106700290082502,0.0529126817193498,1.97333140984304,6.82420662162162,4.2863713731463
1735,2539974,-0.908807213850822,0.0495972584705472,1.95660961103721,6.86698013513513,4.38310230520468
1736,4059535,-1.19668968389343,0.0457671695175461,1.93844633980775,6.88704859459459,4.33172092476358
1737,6161059,-0.553957481023598,0.0386583713923184,1.9183650997512,6.80628937837838,4.32447803894385
1738,7709875,0.101988753640378,0.026670211193742,1.89609116614135,6.64338502702703,4.56713447805969
1739,7196313,0.160905743712664,0.0139988479674128,1.8716858444625,6.48627627027027,3.99736371242515
1740,4539862,0.0683692546065106,0.00527145769052654,1.8455571269658,6.53950259459459,3.99658280832186
1741,8296041,0.263558066130284,-0.00285102532852515,1.81839158622631,6.60633459459459,3.73922470954675
1742,7292753,0.374497384990084,-0.00489196899346018,1.791051502771,6.65354716216216,3.79090082144808
1743,8097672,0.0885596510360699,-0.0121005333264724,1.76447774391903,6.68342227027027,3.87045616299915
1744,4978737,-0.0844215347019078,-0.022868025376333,1.73956893624375,6.69091962162162,3.89650203864985
1745,7635721,0.309702828333248,-0.0329783936328321,1.71698535166292,6.51350632432432,3.49664802805156
1746,8843966,0.757886280784595,-0.0410959652207561,1.69712954083483,6.54419967567568,3.60743094956778
1747,9867087,0.549632202618313,-0.0479207280111628,1.68026137053248,6.50020683783784,3.75503529381719
1748,3172557,-0.101943806254319,-0.0551336007741774,1.66640756601444,6.60620683783784,3.58441176959497
1749,8452652,-0.437410488744663,-0.0615556861768752,1.65505726153,6.61541167567568,3.57681012660161
1750,5211460,-0.193672987216691,-0.0712069923935068,1.64506173315113,6.69762883783784,3.83400577686297
1751,7757990,0.315748434990938,-0.0819611267753001,1.63534807349955,6.76863337837838,3.9333605843233
1752,5442777,0.711901327225784,-0.0885941586001694,1.62554954581715,6.73143556756757,3.93660257812342
1753,8737077,0.670996397440555,-0.091873958864224,1.61586087356237,6.744596,4.0007334077725
1754,6002727,0.00851249653528333,-0.0917062473981346,1.60674120564858,6.79317991891892,3.66816535165685
1755,5396254,-0.937302296577559,-0.0946761584920869,1.59872059525349,6.80524324324324,3.6057639945788
1756,2986454,-1.41208877447963,-0.103974381101457,1.59228249920296,6.83022394594595,3.59577494849872
1757,5422611,-1.03208782838201,-0.113042917049109,1.58778438852686,6.80515913513513,3.57369852456906
1758,7490439,-0.133113011609343,-0.120841233577067,1.58539242811243,6.76869456756757,3.59357720181081
1759,5935938,0.740002695038601,-0.128495187775347,1.58501955765537,6.79781010810811,3.49155011217849
1760,8035853,1.27086355265407,-0.135032275902394,1.58629531386691,6.69446545945946,3.56844423195287
1761,8516654,1.29016127948637,-0.145952756250171,1.58865127803909,6.67537513513513,3.55845099548562
1762,8515931,0.745020209268658,-0.163300128258798,1.59153601361011,6.6176637027027,3.51295781072299
1763,4416510,-0.117127882296492,-0.172496567372256,1.59457992012231,6.64737297297297,3.44552781224386
1764,8852578,-0.804574737300373,-0.182033760232408,1.597591599502,6.55715067567568,3.563414135499
1765,4076081,-0.916993485324285,-0.190356399911938,1.60047539944105,6.51320951351351,3.42830152364237
1766,7731131,-0.39471828630637,-0.194629411471276,1.60316743057678,6.48826151351351,3.27933687842837
1767,6379343,0.465598345355044,-0.19936191485945,1.60561435537821,6.61465897297297,3.00898423587964
1768,9699388,1.19135099130934,-0.200764869041271,1.60778758759139,6.49092110810811,3.10799979779327
1769,8727443,1.40187772391896,-0.198862273274489,1.60969923557186,6.56744497297297,3.12341014394047
1770,6019475,0.974358890305974,-0.197372760427672,1.6113173351861,6.51603537837838,3.09538798490852
1771,9352134,0.105454920337086,-0.191198840270219,1.61242523651039,6.50996448648649,3.1101448977872
1772,4337579,-0.676041578539263,-0.1837207671922,1.61281866501897,6.55172572972973,3.36585398063415
1773,4505878,-0.814513242917845,-0.176693923725382,1.61251595655225,6.60767872972973,3.41854847996665
1774,7085345,-0.334403835126911,-0.171087452362243,1.61168844115297,6.70335762162162,3.51900827067507
1775,6782477,0.0834274199978628,-0.163658969069602,1.61055242611171,6.78963954054054,3.13523743527814
1776,5847124,-0.0650895025835786,-0.14919118670969,1.60929399600611,6.82550191891892,3.08205011723235
1777,5617137,-0.471260597773659,-0.135038377059182,1.6080167966009,6.748445,3.19642499990956
1778,4472289,-0.569715736460274,-0.120110231076256,1.60670970258125,6.82352097297297,3.27958348112642
1779,6586411,-0.408854227906098,-0.10795948714375,1.60523235247849,6.83762610810811,3.32209503019015
1780,5962349,-0.424986099955906,-0.0956861367959707,1.60332122369335,6.66880240540541,3.7939812334518
1781,6077980,-0.555736464817022,-0.0794125030476399,1.60068150312945,6.68509797297297,3.8656786581293
1782,4297496,-0.284523701136673,-0.0615681230803572,1.59722130668509,6.75595054054054,3.72102154917281
1783,7218143,0.393545034199557,-0.0469633783193261,1.59312642448571,6.68345543243243,3.60304190670103
1784,8944011,0.759199313588805,-0.0310579042387026,1.58872167467744,6.80412491891892,3.49506298876935
1785,7849263,0.348539516427502,-0.0136961868774926,1.58436105036261,6.73389989189189,3.54371583553154
1786,3874351,-0.430405335321551,-0.0075029809431569,1.58034499875737,6.70901324324324,3.58476928389352
1787,8042843,-0.874197015433848,-0.00151224391127023,1.57686229052969,6.60447597297297,3.34652858941203
1788,5855835,-0.677808746418234,-0.000185656635342933,1.57402469463412,6.51487464864865,3.25257016175557
1789,5218154,0.0575814066513013,-0.000829362883107851,1.57197213819869,6.56015327027027,3.2823176501782
1790,10282243,0.963997498051155,-0.000628503042021211,1.57094044175299,6.50071521621622,3.07191505212123
1791,8072988,1.42936460922947,-0.00230795413709218,1.57123553465609,6.53555021621622,2.9619217398129
1792,8936373,1.01842639264414,-0.00645762764264665,1.57313696041282,6.61037010810811,2.8568919698116
1793,6178885,0.071795697978611,-0.0158360455934583,1.5767824012605,6.67571791891892,3.07869591950469
1794,6749519,-0.541572696804224,-0.0275068564829039,1.5820759820636,6.67543745945946,3.07863728322226
1795,4639333,-0.454149462191533,-0.038566110324747,1.58864518241656,6.6581337027027,3.11917796653171
1796,8713749,-0.166335540694671,-0.0476289630383444,1.59586008690236,6.6382787027027,3.17625040071727
1797,8557743,-0.184939976928752,-0.0593410544980827,1.60292382795733,6.74329802702703,3.11674674910986
1798,2270177,-0.293037038825159,-0.0725404660113436,1.60903259362851,6.80293948648649,3.22912581124759
1799,9118867,-0.0431329244397731,-0.0820819861606249,1.61357626030929,6.8538542972973,3.23706686983133
1800,7038055,0.444155890943112,-0.0930988839762166,1.61631865805931,6.84789659459459,3.24788181440019
1801,6170259,0.617979315336023,-0.105081788012408,1.61749174823179,6.92510313513514,3.06367873548612
1802,8540852,0.201320640177343,-0.116811456062332,1.61776773066274,6.88535335135135,3.09819674326946
1803,5132805,-0.534490239467478,-0.127225574658777,1.61811244669798,6.85358567567568,3.00110579439311
1804,5458537,-1.04479127560236,-0.135767359473174,1.61955362456232,6.79548202702703,3.00710005407797
1805,5831509,-0.969200792300541,-0.147765550531394,1.62290924245971,6.90251135135135,2.78828265571907
1806,5412194,-0.477384882897229,-0.149750007058232,1.62852501826489,6.77620759459459,3.08247239023019
1807,7694784,-0.0908754304892828,-0.148246446858351,1.63616190758933,6.80341583783784,3.05838841514208
1808,7152926,-0.000124739541406431,-0.143486456176256,1.64529301286648,6.903009,3.10085028074122
1809,5626474,0.148583253653413,-0.142366519747601,1.65559508004521,6.80422697297297,2.77573213426047
1810,7274214,0.501502321631161,-0.14229140373201,1.66707554454428,6.85439278378378,2.99967952644873
1811,9503214,0.514580803801792,-0.142936868440605,1.67991029288736,6.72041224324324,3.09047197566819
1812,6772100,-0.206051473420574,-0.141193559452046,1.69425883695933,6.74208535135135,3.0837265603149
1813,5206885,-1.00424503328426,-0.135805613371822,1.7101368871613,6.80133372972973,3.2145155945917
1814,4882502,-0.885266313221113,-0.128216658261431,1.72735247771953,6.9358687027027,3.28631440582205
1815,8358004,0.085347785623151,-0.117917360844451,1.74550339262186,6.85800037837838,3.22609075394641
1816,8793145,0.843331083606545,-0.111472107602724,1.76403182824913,6.75375178378378,3.2639624555954
1817,7846197,0.715076494289829,-0.102283969319655,1.78232840545292,6.88224927027027,2.69062850832665
1818,5857545,0.0931637239736149,-0.0890540772501494,1.79987854728135,6.83489843243243,2.55589117839986
1819,7154138,-0.294328468573797,-0.0744681098765625,1.81646783801619,6.89612140540541,2.72014320763147
1820,5747401,-0.254887817888835,-0.0611548995958712,1.83250482602297,6.98374202702703,2.87347162866492
1821,7768607,-0.153541973106532,-0.0560635863637598,1.84927780418782,6.9817742972973,2.86731672737938
1822,5699428,-0.364883996728112,-0.055015719293706,1.86829872612495,7.09480113513513,2.9104176910009
1823,7834436,-0.795378614514924,-0.0594823550203789,1.89038827151198,7.1858982972973,2.91107023515633
1824,3369604,-0.900119104677675,-0.0649958784298047,1.9157377925187,7.14377205405405,3.09401159552783
1825,6862540,-0.3029013687136,-0.071844421073513,1.94417086481657,7.23276894594594,3.07029660363394
1826,8903101,0.583932383721165,-0.0799044862531985,1.97523685485257,7.22404948648649,3.06482882582592
1827,6627308,0.894316411773846,-0.0915295894607559,2.0082475872612,7.08793443243243,3.77023900609336
1828,9929123,0.42649382132409,-0.106067666578178,2.04234274166116,7.05466032432432,3.91116334252589
1829,3979093,0.00138483362092577,-0.119414137702362,2.07659348635128,6.96335791891892,4.17839491235791
1830,6980790,0.31645736226533,-0.132376797549692,2.11011757681088,6.89805656756757,3.99524647963081
1831,8941709,0.850187090281434,-0.136746141018807,2.14217886291115,7.02011256756757,4.51485855655125
1832,9617127,0.562880534039504,-0.140132868598382,2.17225500667149,7.08503164864865,4.4288288290079
1833,5832621,-0.537460297372896,-0.13398822623132,2.20006442667946,6.99560954054054,5.12954404999526
1834,4700545,-1.32022151201763,-0.128220813414903,2.22554777241794,6.983406,5.10087858615494
1835,7024584,-1.01861934203921,-0.122360678945281,2.24880537745427,6.98647237837838,5.11263347117935
1836,7366886,-0.0252313920216485,-0.115977708171803,2.27000150963727,6.95299851351351,5.09493655107476
1837,9303305,0.910127613711789,-0.107444446470349,2.28925660610978,6.89476032432432,5.35156770667022
1838,9412222,1.51066823187591,-0.101202084240099,2.30655706460663,6.87734413513513,5.35350497518823
1839,8468046,1.74247224023636,-0.0955398239730233,2.32171509378034,6.89329718918919,5.32586793802366
1840,9314798,1.48449951722919,-0.0839854546208901,2.33440215607297,6.89129194594595,5.32240878525733
1841,8829132,0.858821876022392,-0.0626529438134154,2.34425698480774,6.93371702702703,5.28506561136914
1842,4272838,0.310274962365477,-0.0356180319916269,2.35105441854773,6.96322386486486,5.3719110479269
1843,8705079,-0.083333615907232,-0.010769946838449,2.35493964280976,6.93553148648649,5.60484557942609
1844,7372164,-0.802432009642386,0.0118814138174518,2.35666279598234,7.03696518918919,5.97031211753205
1845,2116669,-1.85384311109279,0.0344374435108096,2.35727902204598,6.92972078378378,5.98447879962695
1846,4395332,-2.1702360339863,0.0538847082043716,2.3573226860675,6.94151018918919,5.98229282838066
1847,3896025,-0.913855825831087,0.0703205137562222,2.35672354807078,6.88736305405405,5.75824497248755
1848,7087064,0.978736863630597,0.0893835316253588,2.35518004320296,7.07564932432432,5.94436243597267
1849,11288172,1.65485987013684,0.109747974760213,2.35243501492281,7.14680632432432,6.11783042138484
1850,7608891,0.757029821283323,0.124668485423823,2.34842388657378,7.10647481081081,6.02921175460627
1851,1573884,-0.197448145054429,0.130730627472134,2.34332481613917,7.0476947027027,5.85369899215844
1852,7906473,-0.127269872335018,0.135320968610696,2.3375297494532,7.05880037837838,5.83052431784046
1853,8906601,0.214074793639388,0.131557854685082,2.33156423866472,7.03395567567568,5.97379822626739
1854,6607664,-0.198162704837531,0.129361039554311,2.32598404129274,7.07045221621622,6.02237906335323
1855,3702732,-0.905246354284441,0.12344058449568,2.32124977172043,7.03875524324324,6.04023878264691
1856,6509739,-0.777655408139996,0.118406455773825,2.31753129111171,6.92562224324324,5.98718089523141
1857,6337664,0.19648702664185,0.112750473337535,2.3143574146245,6.85277605405405,5.81118195658072
1858,7694413,0.949863556382705,0.107107011247748,2.31031070908206,6.80363564864865,5.73736903268851
1859,7269156,0.826713669525842,0.0978404174560232,2.30367376131689,6.71961651351351,5.5648671851837
1860,8926189,0.220403956548769,0.0887465858594949,2.29343898636201,6.63385521621622,5.46512179844912
1861,2344986,-0.228589564806036,0.0782465212917816,2.27949304307472,6.61926364864865,5.54381543639273
1862,10615587,-0.38522926731392,0.0650509456176219,2.26260967197254,6.5393234054054,5.43751726950058
1863,4935058,-0.333846226135696,0.0602203705842558,2.24397071398791,6.50488343243243,5.42244388826286
1864,7063516,0.0962100043784775,0.0557172488365689,2.22449123648718,6.62029216216216,4.87424139410136
1865,7925679,0.992893499448503,0.0551399037812573,2.204768311236,6.67294518918919,4.73600786279382
1866,10945685,1.8370702091308,0.0539361246850435,2.18521296102751,6.81259616216216,4.66045281498014
1867,9613599,1.87080664471451,0.054808003461517,2.16612326789073,6.85278821621622,4.7428983690749
1868,7449443,0.957229230950736,0.052712226510762,2.14771467500312,6.71576102702703,4.18832579620019
1869,7442263,-0.241272461231204,0.0519731202016057,2.13012802040271,6.58986083783784,4.54367010630097
1870,6243531,-0.925857010853638,0.0568933827671509,2.11342529650142,6.71124608108108,3.83728506351113
1871,3781291,-0.860052553617875,0.0585134944262404,2.09758292982589,6.61725848648649,3.93321685415831
1872,8374956,-0.428799847986537,0.0592908918454932,2.08249470176767,6.56784235135135,3.79102322385318
1873,6194098,-0.0741264694667841,0.05757688764365,2.06799565219328,6.58163086486486,3.7991864459349
1874,5117384,0.170435436174005,0.0516398440063887,2.05391185776106,6.66378662162162,3.5627443505523
1875,6716913,0.416104106957446,0.0454841621153549,2.04012909284095,6.63221178378378,3.6096305359374
1876,6649851,0.43558737256865,0.0390060738158571,2.02665964691939,6.62645167567568,3.61434566443289
1877,6206090,-0.0874134908392604,0.0316798612445082,2.01367559759614,6.63065008108108,3.62421441448708
1878,5655964,-0.91647288835412,0.0279965051733628,2.00146163486633,6.54129554054054,3.80235462981409
1879,3732950,-1.399003934855,0.0250042043568155,1.99021099231272,6.537085,3.78236933703328
1880,5747290,-1.25446847406594,0.0203105103673927,1.97965593998612,6.63456108108108,3.29396763681902
1881,6097885,-0.742305436824719,0.0101102313936972,1.96880240577109,6.49858743243243,2.86535218897109
1882,6386792,-0.0863484237911477,-0.00135385848412479,1.95639313910323,6.48695464864865,2.9077459455379
1883,6343494,0.660060684045858,-0.0156448355457708,1.94203879905932,6.47711767567568,2.89966796214311
1884,9063111,1.12907665525676,-0.0307566609148356,1.92629943988424,6.3379682972973,3.2017513443441
1885,8574170,0.722591679556695,-0.0490649247916238,1.90982573377186,6.25387510810811,2.6669212119276
1886,6218166,-0.528897118863922,-0.065541535324176,1.89311469897737,6.14034435135135,2.35976816460718
1887,2950584,-1.70555556873468,-0.0835466376746106,1.87650218587844,6.15148818918919,2.39435024594593
1888,6065138,-1.92907846090947,-0.10160192148833,1.86017619673399,6.16770848648649,2.4471215287827
1889,4428932,-1.25956663600978,-0.12318838835799,1.84422831236317,6.23008956756757,2.60082585443931
1890,7078204,-0.459208997829813,-0.145975039326476,1.82872337797028,6.26819467567568,2.46274237366978
1891,7117839,-0.114330692552587,-0.157047382243815,1.81375055715846,6.28590821621622,2.55106148356045
1892,6742495,-0.204836442686348,-0.167840098744464,1.79943383640999,6.29654483783784,2.55324022531369
1893,5341470,-0.386726989133931,-0.174141634421178,1.78591695979073,6.35423472972973,2.53655027357487
1894,6124540,-0.42251954549188,-0.175782399254743,1.7733619995896,6.42576405405405,2.77918420316527
1895,7849754,-0.287863346051536,-0.174275521540622,1.76197423320876,6.41086943243243,2.78053183625792
1896,3963038,-0.0794382413371988,-0.17293642349044,1.75200742308298,6.48363240540541,2.94579797657508
1897,8770399,0.022099265918186,-0.172104520731672,1.74366790967302,6.49364459459459,2.9324730804918
1898,5951601,-0.163923778005319,-0.173518963892139,1.73684149220901,6.61824232432432,2.7998207166795
1899,5584562,-0.61572652492091,-0.169591484013638,1.7307828792314,6.72404335135135,3.02457882279696
1900,4504645,-1.07159150591457,-0.168243155603329,1.72445460325513,6.75798402702703,3.02351653810169
1901,6699548,-1.2636214132149,-0.166744987776058,1.71717767367898,6.74440094594595,3.04070701159244
1902,2777152,-1.09321904362529,-0.16096916199648,1.70870579208078,6.84076386486486,3.30487068028601
1903,7834237,-0.589246703573333,-0.157285075046316,1.69912888337796,6.86075667567568,3.41099036084623
1904,5412961,0.117644637247095,-0.148236937440658,1.68883110262244,6.84478391891892,3.36417382300913
1905,7861765,0.743796990255812,-0.134406131727318,1.67847585690345,6.89959018918919,3.40471862789955
1906,8042414,0.974253767293387,-0.122360693783497,1.66897120188365,7.00715064864865,2.95966952123929
1907,8551631,0.75000036729375,-0.105891353131481,1.66134194004397,7.00654748648649,2.96085092069148
1908,5191180,0.347327357367522,-0.088917894019081,1.65646763322605,7.09389413513514,2.78033982707206
1909,9030357,0.120159722171155,-0.0707798009091088,1.65483089359248,7.13154421621622,2.83157409714895
1910,6587653,0.211805249746297,-0.0520155936911928,1.65645945514375,7.1722522972973,2.89174174688966
1911,7251910,0.478312292247593,-0.0367532178585922,1.66103562670504,7.25093862162162,3.05131792736469
1912,9363498,0.624947455000217,-0.0239996056153568,1.6680584229835,7.30236302702703,2.94732153809358
1913,6098750,0.514861512760678,-0.0126848707850641,1.67698960116585,7.24436062162162,3.21222836465485
1914,8898320,0.383754293243758,-0.00862143313023628,1.6873441607625,7.24455964864865,3.21247750344757
1915,6026415,0.542402856457548,-0.00949232247884049,1.69870658497867,7.29477618918919,2.96705229384544
1916,8343066,0.858227397789655,-0.0106203369978988,1.71073372185002,7.14772554054054,3.32109869003059
1917,9661928,0.914095601653277,-0.0141066029236577,1.72321035718977,7.14583856756757,3.32586993599692
1918,7353690,0.733680224367964,-0.0168648901652652,1.73603617340684,7.18586783783784,3.25669104200092
1919,5884218,0.818116810005531,-0.0265332235330316,1.74907406011121,7.22153243243243,3.10719174857186
1920,9908922,1.29482890600474,-0.0353452147948709,1.76189133789475,7.27644878378378,3.15985306978767
1921,9802845,1.58443907897482,-0.0413865865243471,1.77382556986261,7.34978656756757,2.68058650917586
1922,7983178,1.17410053214083,-0.0471926275046087,1.7845390209834,7.26457681081081,2.86437937210882
1923,8245998,0.283172937102176,-0.0502099363120321,1.79404845787982,7.32886189189189,2.77260912961227
1924,6930321,-0.440498205939787,-0.0559287181821744,1.80262054915422,7.35769945945946,2.83496754179342
1925,6042821,-0.524835147455003,-0.0640958532958825,1.81070169798994,7.31385940540541,2.84437619705636
1926,7660758,0.100080567309107,-0.0693782933506636,1.81883585365039,7.27527716216216,2.80128888746353
1927,8471257,1.06566376911346,-0.0761850362084418,1.82756609980616,7.31529224324324,2.68910982886674
1928,8624038,1.67336420994144,-0.0809500199759268,1.83734714340591,7.21295797297297,2.71581468440414
1929,9653889,1.43923620598186,-0.087274457875165,1.84850408360931,7.23160972972973,2.70471252255037
1930,7244173,0.620774826264362,-0.0951491142107585,1.86124166942594,7.24234367567568,2.70942348326089
1931,3978451,-0.123241594836496,-0.10567341597592,1.87566192361821,7.19087275675676,2.58302498083286
1932,7857118,-0.546970780710301,-0.118311738769071,1.89174745245091,7.17140356756757,2.64075655868259
1933,5821050,-0.856705867103523,-0.134298820821745,1.90931724611168,7.0772312972973,2.63459781776994
1934,3329525,-1.02929669861814,-0.143970797577073,1.92799812514586,7.16516191891892,2.73074306949952
1935,5881783,-0.718698075174132,-0.151751763765141,1.94724155651346,7.08401397297297,2.77790842413675
1936,7065645,0.0286559370712386,-0.158983283167565,1.96637938311487,6.91668678378378,2.92717440018845
1937,5824235,0.534874298960782,-0.160477183308846,1.98469339113735,6.84310872972973,3.06138839428698
1938,8731453,0.299273598290745,-0.167640532329574,2.00147755605573,6.82091878378378,3.12334452445201
1939,5490650,-0.295032052057724,-0.16748647855014,2.01608141970612,6.82582832432432,3.15539997101067
1940,4681476,-0.461977676169527,-0.164028778392264,2.02792977589259,6.7700377027027,2.92915950663088
1941,7791509,-0.0341716044852238,-0.156361196318395,2.03651860912757,6.67602654054054,3.02173565629959
1942,8928755,0.375695271272701,-0.145897140835383,2.04139546994647,6.60722383783784,2.97484912188397
1943,6420332,0.196830254216849,-0.13188979494702,2.04215908684763,6.54278891891892,3.08567382106958
1944,7124088,-0.439402241124497,-0.116933110889501,2.03856649112907,6.60162889189189,3.15330255409227
1945,6671738,-0.899237520330409,-0.108470593491949,2.03083451819715,6.503637,3.29525373389872
1946,5243989,-0.735803666913585,-0.100805120130884,2.02007825264197,6.40559675675676,3.25436475414424
1947,7277768,-0.168671668165588,-0.0965630262321244,2.00842988600493,6.39509440540541,3.21055375204947
1948,7649066,0.153539268844082,-0.0923329910975825,1.99788132526181,6.27108516216216,2.94885812078003
1949,7459074,-0.0273270714775187,-0.0846784345058189,1.98949440595095,6.2052217027027,2.97762147656933
1950,5378390,-0.250195255453191,-0.0788292639630346,1.9837475239506,6.25915408108108,2.8383814028863
1951,5413946,-0.156442573247426,-0.076554658823254,1.98081749251918,6.22122162162162,2.7670227611053
1952,9279848,-0.226706406648579,-0.072294468251669,1.98075045929867,6.26871645945946,2.81141780085681
1953,5340592,-1.00592704622814,-0.0729477003911809,1.98362918726533,6.36125462162162,2.5691751631673
1954,3470822,-1.89654117185504,-0.0763176273441492,1.98968883810758,6.33675005405405,2.61554392025611
1955,4631302,-1.68417046883473,-0.0709327341870451,1.99932340072751,6.36531610810811,2.68853670301154
1956,5063190,-0.309213544460853,-0.0686130539372354,2.01300677301767,6.36842478378378,2.68543672765556
1957,10090575,0.825307487000748,-0.0720114086982705,2.03118434438679,6.32350375675676,2.54190246666169
1958,7738592,0.645785009835819,-0.0719110774247241,2.05416739353486,6.30666437837838,2.58122299052063
1959,4504765,-0.296360268550126,-0.0751389170186524,2.0820395561362,6.25107691891892,2.88125079979458
1960,5700298,-0.834175658411708,-0.0829459279979653,2.11457995192846,6.23458391891892,2.83909134829697
1961,4546229,-0.764786451285034,-0.0913119786432208,2.15121333009034,6.22147708108108,2.77286164038897
1962,8219900,-0.669240613300688,-0.104206247468428,2.19100291423129,6.26130391891892,2.84782970186863
1963,4035058,-0.723752607624726,-0.116447155155891,2.23269895057013,6.17385408108108,2.97569390412263
1964,4843768,-0.641630311226626,-0.126966009187359,2.27484204529746,6.19319445945946,3.00932724868542
1965,8235451,-0.494832884095898,-0.136542675199277,2.31589939240149,6.34834716216216,3.59727926029758
1966,5065547,-0.632840776805811,-0.14643759720428,2.35439976372271,6.49074910810811,4.61963240985438
1967,4807225,-0.882068988588722,-0.146959816274032,2.38904511672496,6.56770051351351,5.02194872585126
1968,5973949,-0.682140208572288,-0.139504608562971,2.41880275409553,6.63221854054054,5.29417832929837
1969,6453617,-0.0342492375617695,-0.131034827932392,2.44299518685953,6.69447051351351,5.27712183513776
1970,7578359,0.430100621149749,-0.110004016289726,2.46140701915971,6.68924443243243,5.29188841089242
1971,6753437,0.427895940427611,-0.0818886395463269,2.474481567312,6.56804527027027,5.18998893598009
1972,4975114,0.404897501470063,-0.0424656766218832,2.48366264563741,6.53231340540541,5.3273842948213
1973,8122589,0.676903387611056,0.00653470523417092,2.49054374779927,6.59196372972973,5.08365285091426
1974,5939256,0.763230514284691,0.0561432227477748,2.49588351771981,6.60841437837838,5.02736572093641
1975,7069375,0.116836003816675,0.102273614549798,2.50022943245559,6.71466721621622,5.10759303589773
1976,4867593,-0.799787407548677,0.151320528183636,2.50418399757645,6.58013710810811,4.84367832725643
1977,2624740,-0.945854665539404,0.20005833232248,2.50838597069715,6.63104113513513,5.06076961648306
1978,7181268,-0.248580608639906,0.240052944106652,2.51343160949597,6.7007967027027,4.93592649220588
1979,8443802,0.170596785913003,0.273761695567255,2.51980663493913,6.80669943243243,5.1330983477722
1980,7893925,-0.281184215629248,0.300107185309153,2.52787927386025,6.8794704054054,4.99090411723858
1981,3888444,-0.59934277281932,0.318001464883924,2.53799491877994,6.83487075675676,4.94161523923119
1982,7387332,0.418536117506212,0.324077630133754,2.55035243049239,6.87135218918919,4.78090148117399
1983,10984639,2.36730828977505,0.321887687121628,2.56423522850648,6.87386848648649,4.77064830206981
1984,12546640,3.69099771015357,0.318610646566726,2.57779800330963,6.72606294594595,5.16528857799366
1985,10496268,3.52021568449743,0.321008480651501,2.58931431518839,6.72488789189189,5.16935045758443
1986,9846241,2.26621187369088,0.324984944923246,2.59794745143528,6.71108589189189,5.23080436789099
1987,7681713,0.709551648598596,0.320543076386744,2.60334667037106,6.73743624324324,5.21656825241058
1988,5220581,-0.683001924707218,0.310666519479248,2.6053382213003,6.71753148648649,5.24284018699148
1989,4795479,-1.59285895086518,0.303606660191259,2.60379995002646,6.66595202702703,5.25000773171953
1990,4018513,-1.7150077554993,0.293884355986281,2.59859877906697,6.70715143243243,5.32022009716209
1991,5677884,-1.06284664081701,0.278193236459001,2.58955207895782,6.76335656756757,5.23699663835375
1992,5239976,-0.0986395035831834,0.257863382109744,2.57640763715265,6.698391,5.21164371011617
1993,8994545,0.681692850102902,0.234616115139786,2.55884669109115,6.78109237837838,5.33565499212063
1994,5112961,1.17574872121769,0.208750304450016,2.53651394137339,6.69094943243243,5.58289077611809
1995,9622041,1.53601572972234,0.175684229063552,2.50907379411716,6.6735977027027,5.65906529378499
1996,7085721,1.74649695223371,0.13865732362065,2.47628559784904,6.78968491891892,5.19153274346469
1997,9618699,1.5834309768778,0.106444162808102,2.43808369789264,6.7683542972973,5.19119811341283
1998,7238755,0.952759794121569,0.0808591516701222,2.39464361054575,6.71112021621622,5.11528770270279
1999,6569713,0.0281509255462108,0.0560543418155722,2.34641611464715,6.68095443243243,5.07561405770142
2000,5384871,-0.933253987307709,0.0367893375387575,2.29411719290136,6.67757291891892,5.09544756888308
2001,4936871,-1.69058517409668,0.0284279138970557,2.23867206244171,6.70706451351351,5.17065521149303
2002,2766646,-1.97868552121764,NA,NA,NA,NA
2003,5022070,-1.6549627076293,NA,NA,NA,NA
2004,4296551,-0.925984242307551,NA,NA,NA,NA
2005,6948912,-0.212190100969681,NA,NA,NA,NA
2006,5717141,0.244336907957911,NA,NA,NA,NA
2007,5669919,0.497686520342152,NA,NA,NA,NA
2008,8277815,0.657421050085583,NA,NA,NA,NA
2009,7054704,0.660573639451737,NA,NA,NA,NA
2010,5718863,0.305355913785255,NA,NA,NA,NA
2011,8999207,-0.450493336369711,NA,NA,NA,NA
2012,3734086,-1.20781967478571,NA,NA,NA,NA
2013,4225579,-1.37372149005773,NA,NA,NA,NA
2014,6919967,-0.868107450046389,NA,NA,NA,NA
2015,6392035,-0.308500230809203,NA,NA,NA,NA
2016,6326141,-0.229192053619221,NA,NA,NA,NA
2017,6777791,-0.411078054698944,NA,NA,NA,NA
2018,3763328,-0.321499429343619,NA,NA,NA,NA
2019,8478521,0.0628424228498588,NA,NA,NA,NA
